Code	Name	Name KH	Category Code	Unit ID	Cost	Price	Alert Quantity	 Tax Rate Name	Tax Method	Subcategory Code	Product Variants Separated by |	Supplier1(No)	Supplier2(No)	Supplier3(No)	Supplier4(No)	Supplier5(No)	Custom Field 1	Custom Field 2	Custom Field 3	Custom Field 4	Custom Field 5	Custom Field 6	Image	Type(standard or service)
S0601	??????????? ???? 40 x 40 X 1.5 ??		C-002	U-018	0	0		 No Tax	 exclusive	SC-2-015													no_image.png	standard
S0602	??????????? ???? 40 x 40 X 1.8 ??		C-002	U-018	0	0		 No Tax	 exclusive	SC-2-015													no_image.png	standard
S0603	??????????? ???? 40 x 40 X 2 ??		C-002	U-018	0	0		 No Tax	 exclusive	SC-2-015													no_image.png	standard
S0604	??????????? ???? 40 x 40 X 2.5 ??		C-002	U-018	0	0		 No Tax	 exclusive	SC-2-015													no_image.png	standard
S0605	??????????? ???? 40 x 40 X 3 ??		C-002	U-018	0	0		 No Tax	 exclusive	SC-2-015													no_image.png	standard
S0621	??????????? ???? 40 x 80 X 1.5 ??		C-002	U-018	0	0		 No Tax	 exclusive	SC-2-015													no_image.png	standard
S0622	??????????? ???? 40 x 80 X 1.8 ??		C-002	U-018	0	0		 No Tax	 exclusive	SC-2-015													no_image.png	standard
S0623	??????????? ???? 40 x 80 X 2 ??		C-002	U-018	0	0		 No Tax	 exclusive	SC-2-015													no_image.png	standard
S0624	??????????? ???? 40 x 80 X 2.5 ??		C-002	U-018	0	0		 No Tax	 exclusive	SC-2-015													no_image.png	standard
S0625	??????????? ???? 40 x 80 X 3 ??		C-002	U-018	0	0		 No Tax	 exclusive	SC-2-015													no_image.png	standard
S0641	??????????? ???? 50 x 50 X 1.5 ??		C-002	U-018	0	0		 No Tax	 exclusive	SC-2-015													no_image.png	standard
S0642	??????????? ???? 50 x 50 X 1.8 ??		C-002	U-018	0	0		 No Tax	 exclusive	SC-2-015													no_image.png	standard
S0643	??????????? ???? 50 x 50 X 2 ??		C-002	U-018	0	0		 No Tax	 exclusive	SC-2-015													no_image.png	standard
S0644	??????????? ???? 50 x 50 X 2.5 ??		C-002	U-018	0	0		 No Tax	 exclusive	SC-2-015													no_image.png	standard
S0645	??????????? ???? 50 x 50 X 3 ??		C-002	U-018	0	0		 No Tax	 exclusive	SC-2-015													no_image.png	standard
S0661	??????????? ???? 50 x 100 X 1.5 ??		C-002	U-018	0	0		 No Tax	 exclusive	SC-2-015													no_image.png	standard
S0662	??????????? ???? 50 x 100 X 1.8 ??		C-002	U-018	0	0		 No Tax	 exclusive	SC-2-015													no_image.png	standard
S0663	??????????? ???? 50 x 100 X 2 ??		C-002	U-018	0	0		 No Tax	 exclusive	SC-2-015													no_image.png	standard
S0664	??????????? ???? 50 x 100 X 2.5 ??		C-002	U-018	0	0		 No Tax	 exclusive	SC-2-015													no_image.png	standard
S0665	??????????? ???? 50 x 100 X 3 ??		C-002	U-018	0	0		 No Tax	 exclusive	SC-2-015													no_image.png	standard
S0681	??????????? ???? 75 x 75 X 1.5 ??		C-002	U-018	0	0		 No Tax	 exclusive	SC-2-015													no_image.png	standard
S0682	??????????? ???? 75 x 75 X 1.8 ??		C-002	U-018	0	0		 No Tax	 exclusive	SC-2-015													no_image.png	standard
S0683	??????????? ???? 75 x 75 X 2 ??		C-002	U-018	0	0		 No Tax	 exclusive	SC-2-015													no_image.png	standard
S0684	??????????? ???? 75 x 75 X 2.5 ??		C-002	U-018	0	0		 No Tax	 exclusive	SC-2-015													no_image.png	standard
S0685	??????????? ???? 75 x 75 X 3 ??		C-002	U-018	0	0		 No Tax	 exclusive	SC-2-015													no_image.png	standard
S0701	??????????? ???? 100 x 100 X 1.5 ??		C-002	U-018	0	0		 No Tax	 exclusive	SC-2-015													no_image.png	standard
S0702	??????????? ???? 100 x 100 X 1.8 ??		C-002	U-018	0	0		 No Tax	 exclusive	SC-2-015													no_image.png	standard
S0703	??????????? ???? 100 x 100 X 2 ??		C-002	U-018	0	0		 No Tax	 exclusive	SC-2-015													no_image.png	standard
S0704	??????????? ???? 100 x 100 X 2.5 ??		C-002	U-018	0	0		 No Tax	 exclusive	SC-2-015													no_image.png	standard
S0705	??????????? ???? 100 x 100 X 3 ??		C-002	U-018	0	0		 No Tax	 exclusive	SC-2-015													no_image.png	standard
S0801	??????????? ???? 100 x 150 X 1.5 ??		C-002	U-018	0	0		 No Tax	 exclusive	SC-2-015													no_image.png	standard
S0802	??????????? ???? 100 x 150 X 2 ??		C-002	U-018	0	0		 No Tax	 exclusive	SC-2-015													no_image.png	standard
S0803	??????????? ???? 100 x 150 X 2.5 ??		C-002	U-018	0	0		 No Tax	 exclusive	SC-2-015													no_image.png	standard
S0804	??????????? ???? 100 x 150 X 3 ??		C-002	U-018	0	0		 No Tax	 exclusive	SC-2-015													no_image.png	standard
S0805	??????????? ???? 100 x 150 X 4 ??		C-002	U-018	0	0		 No Tax	 exclusive	SC-2-015													no_image.png	standard
S0821	??????????? ???? 150 x 150 X 2 ??		C-002	U-018	0	0		 No Tax	 exclusive	SC-2-015													no_image.png	standard
S0822	??????????? ???? 150 x 150 X 2.5 ??		C-002	U-018	0	0		 No Tax	 exclusive	SC-2-015													no_image.png	standard
S0823	??????????? ???? 150 x 150 X 3 ??		C-002	U-018	0	0		 No Tax	 exclusive	SC-2-015													no_image.png	standard
S0824	??????????? ???? 150 x 150 X 4 ??		C-002	U-018	0	0		 No Tax	 exclusive	SC-2-015													no_image.png	standard
S0841	??????????? ? 20 x 20 X 1.2 ?? x 6?		C-002	U-018	0	0		 No Tax	 exclusive	SC-2-016													no_image.png	standard
S0842	??????????? ? 20 x 20 X 1.5 ??		C-002	U-018	0	0		 No Tax	 exclusive	SC-2-016													no_image.png	standard
S0843	??????????? ? 20 x 20 X 1.8 ??		C-002	U-018	0	0		 No Tax	 exclusive	SC-2-016													no_image.png	standard
S0861	??????????? ? 20 x 40 X 1.2 ??		C-002	U-018	0	0		 No Tax	 exclusive	SC-2-016													no_image.png	standard
S0862	??????????? ? 20 x 40 X 1.5 ??		C-002	U-018	0	0		 No Tax	 exclusive	SC-2-016													no_image.png	standard
S0863	??????????? ? 20 x 40 X 1.8 ??		C-002	U-018	0	0		 No Tax	 exclusive	SC-2-016													no_image.png	standard
S0881	??????????? ? 25 x 25 X 1.2 ??		C-002	U-018	0	0		 No Tax	 exclusive	SC-2-016													no_image.png	standard
S0882	??????????? ? 25 x 25 X 1.5 ??		C-002	U-018	0	0		 No Tax	 exclusive	SC-2-016													no_image.png	standard
S0883	??????????? ? 25 x 25 X 1.8 ??		C-002	U-018	0	0		 No Tax	 exclusive	SC-2-016													no_image.png	standard
S0884	??????????? ? 25 x 25 X 2 ??		C-002	U-018	0	0		 No Tax	 exclusive	SC-2-016													no_image.png	standard
S0885	??????????? ? 25 x 25 X 2.5 ??		C-002	U-018	0	0		 No Tax	 exclusive	SC-2-016													no_image.png	standard
S0886	??????????? ? 25 x 25 X 3 ??		C-002	U-018	0	0		 No Tax	 exclusive	SC-2-016													no_image.png	standard
S0901	??????????? ? 25 x 50 X 1.2 ??		C-002	U-018	0	0		 No Tax	 exclusive	SC-2-016													no_image.png	standard
S0902	??????????? ? 25 x 50 X 1.5 ??		C-002	U-018	0	0		 No Tax	 exclusive	SC-2-016													no_image.png	standard
S0903	??????????? ? 25 x 50 X 1.8 ??		C-002	U-018	0	0		 No Tax	 exclusive	SC-2-016													no_image.png	standard
S0904	??????????? ? 25 x 50 X 2 ??		C-002	U-018	0	0		 No Tax	 exclusive	SC-2-016													no_image.png	standard
S0905	??????????? ? 25 x 50 X 2.5 ??		C-002	U-018	0	0		 No Tax	 exclusive	SC-2-016													no_image.png	standard
S0906	??????????? ? 25 x 50 X 3 ??		C-002	U-018	0	0		 No Tax	 exclusive	SC-2-016													no_image.png	standard
S0921	??????????? ? 30 x 30 X 1.2 ??		C-002	U-018	0	0		 No Tax	 exclusive	SC-2-016													no_image.png	standard
S0922	??????????? ? 30 x 30 X 1.5 ??		C-002	U-018	0	0		 No Tax	 exclusive	SC-2-016													no_image.png	standard
S0923	??????????? ? 30 x 30 X 1.8 ??		C-002	U-018	0	0		 No Tax	 exclusive	SC-2-016													no_image.png	standard
S0924	??????????? ? 30 x 30 X 2 ??		C-002	U-018	0	0		 No Tax	 exclusive	SC-2-016													no_image.png	standard
S0925	??????????? ? 30 x 30 X 2.5 ??		C-002	U-018	0	0		 No Tax	 exclusive	SC-2-016													no_image.png	standard
S0926	??????????? ? 30 x 30 X 3 ??		C-002	U-018	0	0		 No Tax	 exclusive	SC-2-016													no_image.png	standard
S0941	??????????? ? 30 x 60 X 1.2 ??		C-002	U-018	0	0		 No Tax	 exclusive	SC-2-016													no_image.png	standard
S0942	??????????? ? 30 x 60 X 1.5 ??		C-002	U-018	0	0		 No Tax	 exclusive	SC-2-016													no_image.png	standard
S0943	??????????? ? 30 x 60 X 1.8 ??		C-002	U-018	0	0		 No Tax	 exclusive	SC-2-016													no_image.png	standard
S0944	??????????? ? 30 x 60 X 2 ??		C-002	U-018	0	0		 No Tax	 exclusive	SC-2-016													no_image.png	standard
S0945	??????????? ? 30 x 60 X 2.5 ??		C-002	U-018	0	0		 No Tax	 exclusive	SC-2-016													no_image.png	standard
S0946	??????????? ? 30 x 60 X 3 ??		C-002	U-018	0	0		 No Tax	 exclusive	SC-2-016													no_image.png	standard
S0961	??????????? ? 40 x 40 X 1.2 ??		C-002	U-018	0	0		 No Tax	 exclusive	SC-2-016													no_image.png	standard
S0962	??????????? ? 40 x 40 X 1.5 ??		C-002	U-018	0	0		 No Tax	 exclusive	SC-2-016													no_image.png	standard
S0963	??????????? ? 40 x 40 X 1.8 ??		C-002	U-018	0	0		 No Tax	 exclusive	SC-2-016													no_image.png	standard
S0964	??????????? ? 40 x 40 X 2 ??		C-002	U-018	0	0		 No Tax	 exclusive	SC-2-016													no_image.png	standard
S0965	??????????? ? 40 x 40 X 2.5 ??		C-002	U-018	0	0		 No Tax	 exclusive	SC-2-016													no_image.png	standard
S0966	??????????? ? 40 x 40 X 3 ??		C-002	U-018	0	0		 No Tax	 exclusive	SC-2-016													no_image.png	standard
S0981	??????????? ? 40 x 80 X 1.2 ??		C-002	U-018	0	0		 No Tax	 exclusive	SC-2-016													no_image.png	standard
S0982	??????????? ? 40 x 80 X 1.5 ??		C-002	U-018	0	0		 No Tax	 exclusive	SC-2-016													no_image.png	standard
S0983	??????????? ? 40 x 80 X 1.8 ??		C-002	U-018	0	0		 No Tax	 exclusive	SC-2-016													no_image.png	standard
S0984	??????????? ? 40 x 80 X 2 ??		C-002	U-018	0	0		 No Tax	 exclusive	SC-2-016													no_image.png	standard
S0985	??????????? ? 40 x 80 X 2.5 ??		C-002	U-018	0	0		 No Tax	 exclusive	SC-2-016													no_image.png	standard
S0986	??????????? ? 40 x 80 X 3 ??		C-002	U-018	0	0		 No Tax	 exclusive	SC-2-016													no_image.png	standard
S1001	??????????? ? 50 x 50 X 1.2 ??		C-002	U-018	0	0		 No Tax	 exclusive	SC-2-016													no_image.png	standard
S1002	??????????? ? 50 x 50 X 1.5 ??		C-002	U-018	0	0		 No Tax	 exclusive	SC-2-016													no_image.png	standard
S1003	??????????? ? 50 x 50 X 1.8 ??		C-002	U-018	0	0		 No Tax	 exclusive	SC-2-016													no_image.png	standard
S1004	??????????? ? 50 x 50 X 2 ??		C-002	U-018	0	0		 No Tax	 exclusive	SC-2-016													no_image.png	standard
S1005	??????????? ? 50 x 50 X 2.5 ??		C-002	U-018	0	0		 No Tax	 exclusive	SC-2-016													no_image.png	standard
S1006	??????????? ? 50 x 50 X 3 ??		C-002	U-018	0	0		 No Tax	 exclusive	SC-2-016													no_image.png	standard
S1021	??????????? ? 50 x 100 X 1.2 ??		C-002	U-018	0	0		 No Tax	 exclusive	SC-2-016													no_image.png	standard
S1022	??????????? ? 50 x 100 X 1.5 ??		C-002	U-018	0	0		 No Tax	 exclusive	SC-2-016													no_image.png	standard
S1023	??????????? ? 50 x 100 X 1.8 ??		C-002	U-018	0	0		 No Tax	 exclusive	SC-2-016													no_image.png	standard
S1024	??????????? ? 50 x 100 X 2 ??		C-002	U-018	0	0		 No Tax	 exclusive	SC-2-016													no_image.png	standard
S1025	??????????? ? 50 x 100 X 2.5 ??		C-002	U-018	0	0		 No Tax	 exclusive	SC-2-016													no_image.png	standard
S1026	??????????? ? 50 x 100 X 3 ??		C-002	U-018	0	0		 No Tax	 exclusive	SC-2-016													no_image.png	standard
S1041	??????????? ? 75 x 75 X 1.2 ??		C-002	U-018	0	0		 No Tax	 exclusive	SC-2-016													no_image.png	standard
S1042	??????????? ? 75 x 75 X 1.5 ??		C-002	U-018	0	0		 No Tax	 exclusive	SC-2-016													no_image.png	standard
S1043	??????????? ? 75 x 75 X 1.8 ??		C-002	U-018	0	0		 No Tax	 exclusive	SC-2-016													no_image.png	standard
S1044	??????????? ? 75 x 75 X 2 ??		C-002	U-018	0	0		 No Tax	 exclusive	SC-2-016													no_image.png	standard
S1045	??????????? ? 75 x 75 X 2.5 ??		C-002	U-018	0	0		 No Tax	 exclusive	SC-2-016													no_image.png	standard
S1046	??????????? ? 75 x 75 X 3 ??		C-002	U-018	0	0		 No Tax	 exclusive	SC-2-016													no_image.png	standard
S1061	??????????? ? 100 x 100 X 1.2 ??		C-002	U-018	0	0		 No Tax	 exclusive	SC-2-016													no_image.png	standard
S1062	??????????? ? 100 x 100 X 1.5 ??		C-002	U-018	0	0		 No Tax	 exclusive	SC-2-016													no_image.png	standard
S1063	??????????? ? 100 x 100 X 1.8 ??		C-002	U-018	0	0		 No Tax	 exclusive	SC-2-016													no_image.png	standard
S1064	??????????? ? 100 x 100 X 2 ??		C-002	U-018	0	0		 No Tax	 exclusive	SC-2-016													no_image.png	standard
S1065	??????????? ? 100 x 100 X 2.5 ??		C-002	U-018	0	0		 No Tax	 exclusive	SC-2-016													no_image.png	standard
S1066	??????????? ? 100 x 100 X 3 ??		C-002	U-018	0	0		 No Tax	 exclusive	SC-2-016													no_image.png	standard
S1081	??????????? ? 100 x 150 X 1.5 ??		C-002	U-018	0	0		 No Tax	 exclusive	SC-2-016													no_image.png	standard
S1082	??????????? ? 100 x 150 X 2 ??		C-002	U-018	0	0		 No Tax	 exclusive	SC-2-016													no_image.png	standard
S1083	??????????? ? 100 x 150 X 2.5 ??		C-002	U-018	0	0		 No Tax	 exclusive	SC-2-016													no_image.png	standard
S1084	??????????? ? 100 x 150 X 3 ??		C-002	U-018	0	0		 No Tax	 exclusive	SC-2-016													no_image.png	standard
S1085	??????????? ? 100 x 150 X 4 ??		C-002	U-018	0	0		 No Tax	 exclusive	SC-2-016													no_image.png	standard
S1101	??????????? ? 150 x 150 X 1.5 ??		C-002	U-018	0	0		 No Tax	 exclusive	SC-2-016													no_image.png	standard
S1102	??????????? ? 150 x 150 X 2 ??		C-002	U-018	0	0		 No Tax	 exclusive	SC-2-016													no_image.png	standard
S1103	??????????? ? 150 x 150 X 2.5 ??		C-002	U-018	0	0		 No Tax	 exclusive	SC-2-016													no_image.png	standard
S1104	??????????? ? 150 x 150 X 3 ??		C-002	U-018	0	0		 No Tax	 exclusive	SC-2-016													no_image.png	standard
S1105	??????????? ? 150 x 150 X 4 ??		C-002	U-018	0	0		 No Tax	 exclusive	SC-2-016													no_image.png	standard
S1121	??????? 20 X 1.2 ?? x 6?		C-002	U-018	0	0		 No Tax	 exclusive	SC-2-017													no_image.png	standard
S1122	??????? 20 X 1.5 ??		C-002	U-018	0	0		 No Tax	 exclusive	SC-2-017													no_image.png	standard
S1123	??????? 20 X 2 ??		C-002	U-018	0	0		 No Tax	 exclusive	SC-2-017													no_image.png	standard
S1124	??????? 20 X 3 ??		C-002	U-018	0	0		 No Tax	 exclusive	SC-2-017													no_image.png	standard
S1125	??????? 20 X 4 ??		C-002	U-018	0	0		 No Tax	 exclusive	SC-2-017													no_image.png	standard
S1141	??????? 30 X 1.5 ??		C-002	U-018	0	0		 No Tax	 exclusive	SC-2-017													no_image.png	standard
S1142	??????? 30 X 2 ??		C-002	U-018	0	0		 No Tax	 exclusive	SC-2-017													no_image.png	standard
S1143	??????? 30 X 3 ??		C-002	U-018	0	0		 No Tax	 exclusive	SC-2-017													no_image.png	standard
S1144	??????? 30 X 4 ??		C-002	U-018	0	0		 No Tax	 exclusive	SC-2-017													no_image.png	standard
S1145	??????? 30 X 5 ??		C-002	U-018	0	0		 No Tax	 exclusive	SC-2-017													no_image.png	standard
S1161	??????? 40 X 2 ??		C-002	U-018	0	0		 No Tax	 exclusive	SC-2-017													no_image.png	standard
S1162	??????? 40 X 3 ??		C-002	U-018	0	0		 No Tax	 exclusive	SC-2-017													no_image.png	standard
S1163	??????? 40 X 4 ??		C-002	U-018	0	0		 No Tax	 exclusive	SC-2-017													no_image.png	standard
S1164	??????? 40 X 5 ??		C-002	U-018	0	0		 No Tax	 exclusive	SC-2-017													no_image.png	standard
S1165	??????? 40 X 6 ??		C-002	U-018	0	0		 No Tax	 exclusive	SC-2-017													no_image.png	standard
S1181	??????? 50 X 2 ??		C-002	U-018	0	0		 No Tax	 exclusive	SC-2-017													no_image.png	standard
S1182	??????? 50 X 3 ??		C-002	U-018	0	0		 No Tax	 exclusive	SC-2-017													no_image.png	standard
S1183	??????? 50 X 4 ??		C-002	U-018	0	0		 No Tax	 exclusive	SC-2-017													no_image.png	standard
S1184	??????? 50 X 5 ??		C-002	U-018	0	0		 No Tax	 exclusive	SC-2-017													no_image.png	standard
S1185	??????? 50 X 6 ??		C-002	U-018	0	0		 No Tax	 exclusive	SC-2-017													no_image.png	standard
S1201	??????? 60 X 3 ??		C-002	U-018	0	0		 No Tax	 exclusive	SC-2-017													no_image.png	standard
S1202	??????? 60 X 4 ??		C-002	U-018	0	0		 No Tax	 exclusive	SC-2-017													no_image.png	standard
S1203	??????? 60 X 5 ??		C-002	U-018	0	0		 No Tax	 exclusive	SC-2-017													no_image.png	standard
S1204	??????? 50 X 6 ??		C-002	U-018	0	0		 No Tax	 exclusive	SC-2-017													no_image.png	standard
S1205	??????? 50 X 7 ??		C-002	U-018	0	0		 No Tax	 exclusive	SC-2-017													no_image.png	standard
S1206	??????? 50 X 8 ??		C-002	U-018	0	0		 No Tax	 exclusive	SC-2-017													no_image.png	standard
S0591	??????? 80 X 5 ??		C-002	U-018	0	0		 No Tax	 exclusive	SC-2-017													no_image.png	standard
S0592	??????? 80 X 6 ??		C-002	U-018	0	0		 No Tax	 exclusive	SC-2-017													no_image.png	standard
S0593	??????? 80 X 8 ??		C-002	U-018	0	0		 No Tax	 exclusive	SC-2-017													no_image.png	standard
S0594	??????? 80 X 10 ??		C-002	U-018	0	0		 No Tax	 exclusive	SC-2-017													no_image.png	standard
S0601	?????? 30 X 2 ?? x 6?		C-002	U-018	0	0		 No Tax	 exclusive	SC-2-018													no_image.png	standard
S0602	?????? 30 X 3 ??		C-002	U-018	0	0		 No Tax	 exclusive	SC-2-018													no_image.png	standard
S0603	?????? 30 X 4 ??		C-002	U-018	0	0		 No Tax	 exclusive	SC-2-018													no_image.png	standard
S0604	?????? 30 X 5 ??		C-002	U-018	0	0		 No Tax	 exclusive	SC-2-018													no_image.png	standard
S0611	?????? 40 X 2 ??		C-002	U-018	0	0		 No Tax	 exclusive	SC-2-018													no_image.png	standard
S0612	?????? 40 X 3 ??		C-002	U-018	0	0		 No Tax	 exclusive	SC-2-018													no_image.png	standard
S0613	?????? 40 X 4 ??		C-002	U-018	0	0		 No Tax	 exclusive	SC-2-018													no_image.png	standard
S0614	?????? 40 X 5 ??		C-002	U-018	0	0		 No Tax	 exclusive	SC-2-018													no_image.png	standard
S0621	?????? 50 X 2 ??		C-002	U-018	0	0		 No Tax	 exclusive	SC-2-018													no_image.png	standard
S0622	?????? 50 X 3 ??		C-002	U-018	0	0		 No Tax	 exclusive	SC-2-018													no_image.png	standard
S0623	?????? 50 X 4 ??		C-002	U-018	0	0		 No Tax	 exclusive	SC-2-018													no_image.png	standard
S0624	?????? 50 X 5 ??		C-002	U-018	0	0		 No Tax	 exclusive	SC-2-018													no_image.png	standard
S0631	?????? 75 X 3 ??		C-002	U-018	0	0		 No Tax	 exclusive	SC-2-018													no_image.png	standard
S0632	?????? 75 X 4 ??		C-002	U-018	0	0		 No Tax	 exclusive	SC-2-018													no_image.png	standard
S0633	?????? 75 X 5 ??		C-002	U-018	0	0		 No Tax	 exclusive	SC-2-018													no_image.png	standard
S0634	?????? 75 X 8 ??		C-002	U-018	0	0		 No Tax	 exclusive	SC-2-018													no_image.png	standard
S0641	?????? 100 X 5 ??		C-002	U-018	0	0		 No Tax	 exclusive	SC-2-018													no_image.png	standard
S0642	?????? 100 X 6 ??		C-002	U-018	0	0		 No Tax	 exclusive	SC-2-018													no_image.png	standard
S0643	?????? 100 X 8 ??		C-002	U-018	0	0		 No Tax	 exclusive	SC-2-018													no_image.png	standard
S0644	?????? 100 X 10 ??		C-002	U-018	0	0		 No Tax	 exclusive	SC-2-018													no_image.png	standard
S0651	??????? 20 x 40 x 2 ?? x 6?		C-002	U-018	0	0		 No Tax	 exclusive	SC-2-019													no_image.png	standard
S0652	??????? 20 x 40 x 2.5 ??		C-002	U-018	0	0		 No Tax	 exclusive	SC-2-019													no_image.png	standard
S0653	??????? 20 x 40 x 3 ??		C-002	U-018	0	0		 No Tax	 exclusive	SC-2-019													no_image.png	standard
S0661	??????? 30 x 60 x 2.5 ??		C-002	U-018	0	0		 No Tax	 exclusive	SC-2-019													no_image.png	standard
S0662	??????? 30 x 60 x 3 ??		C-002	U-018	0	0		 No Tax	 exclusive	SC-2-019													no_image.png	standard
S0663	??????? 30 x 60 x 4 ??		C-002	U-018	0	0		 No Tax	 exclusive	SC-2-019													no_image.png	standard
S0664	??????? 30 x 60 x 5 ??		C-002	U-018	0	0		 No Tax	 exclusive	SC-2-019													no_image.png	standard
S0671	??????? 40 x 75 x 3 ??		C-002	U-018	0	0		 No Tax	 exclusive	SC-2-019													no_image.png	standard
S0672	??????? 40 x 75 x 4 ??		C-002	U-018	0	0		 No Tax	 exclusive	SC-2-019													no_image.png	standard
S0673	??????? 40 x 75 x 5 ??		C-002	U-018	0	0		 No Tax	 exclusive	SC-2-019													no_image.png	standard
S0681	??????? 40 x 80 x 3 ??		C-002	U-018	0	0		 No Tax	 exclusive	SC-2-019													no_image.png	standard
S0682	??????? 40 x 80 x 4 ??		C-002	U-018	0	0		 No Tax	 exclusive	SC-2-019													no_image.png	standard
S0683	??????? 40 x 80 x 5 ??		C-002	U-018	0	0		 No Tax	 exclusive	SC-2-019													no_image.png	standard
S0691	??????? 50 x 100 x 4 ??		C-002	U-018	0	0		 No Tax	 exclusive	SC-2-019													no_image.png	standard
S0692	??????? 50 x 100 x 5 ??		C-002	U-018	0	0		 No Tax	 exclusive	SC-2-019													no_image.png	standard
S0693	??????? 50 x 100 x 6 ??		C-002	U-018	0	0		 No Tax	 exclusive	SC-2-019													no_image.png	standard
S0701	??????? 75 x 150 x 5 ??		C-002	U-018	0	0		 No Tax	 exclusive	SC-2-019													no_image.png	standard
S0702	??????? 75 x 150 x 6 ??		C-002	U-018	0	0		 No Tax	 exclusive	SC-2-019													no_image.png	standard
S0703	??????? 75 x 150 x 8 ??		C-002	U-018	0	0		 No Tax	 exclusive	SC-2-019													no_image.png	standard
S0711	??????? 80 x 300 x 5 ?? x 12?		C-002	U-018	0	0		 No Tax	 exclusive	SC-2-019													no_image.png	standard
S0712	??????? 80 x 300 x 6 ??		C-002	U-018	0	0		 No Tax	 exclusive	SC-2-019													no_image.png	standard
S0713	??????? 80 x 300 x 8 ??		C-002	U-018	0	0		 No Tax	 exclusive	SC-2-019													no_image.png	standard
S0714	??????? 80 x 300 x 10 ??		C-002	U-018	0	0		 No Tax	 exclusive	SC-2-019													no_image.png	standard
S0721	????? 40 X 75  X 1.5 ??		C-002	U-018	0	0		 No Tax	 exclusive	SC-2-020													no_image.png	standard
S0722	????? 40 X 75  X 1.8 ??		C-002	U-018	0	0		 No Tax	 exclusive	SC-2-020													no_image.png	standard
S0723	????? 40 X 75  X 2 ??		C-002	U-018	0	0		 No Tax	 exclusive	SC-2-020													no_image.png	standard
S0731	????? 45 X 100  X 1.5 ??		C-002	U-018	0	0		 No Tax	 exclusive	SC-2-020													no_image.png	standard
S0732	????? 45 X 100  X 1.8 ??		C-002	U-018	0	0		 No Tax	 exclusive	SC-2-020													no_image.png	standard
S0733	????? 45 X 100  X 2 ??		C-002	U-018	0	0		 No Tax	 exclusive	SC-2-020													no_image.png	standard
S0734	????? 45 X 100  X 2.5 ??		C-002	U-018	0	0		 No Tax	 exclusive	SC-2-020													no_image.png	standard
S0735	????? 45 X 100  X 3 ??		C-002	U-018	0	0		 No Tax	 exclusive	SC-2-020													no_image.png	standard
S0741	????? 50 X 150  X 1.5 ??		C-002	U-018	0	0		 No Tax	 exclusive	SC-2-020													no_image.png	standard
S0742	????? 50 X 150  X 1.8 ??		C-002	U-018	0	0		 No Tax	 exclusive	SC-2-020													no_image.png	standard
S0743	????? 50 X 150  X 2 ??		C-002	U-018	0	0		 No Tax	 exclusive	SC-2-020													no_image.png	standard
S0744	????? 50 X 150  X 2.5 ??		C-002	U-018	0	0		 No Tax	 exclusive	SC-2-020													no_image.png	standard
S0745	????? 50 X 150  X 3 ??		C-002	U-018	0	0		 No Tax	 exclusive	SC-2-020													no_image.png	standard
S0751	????? 65 X 200  X 1.8 ??		C-002	U-018	0	0		 No Tax	 exclusive	SC-2-020													no_image.png	standard
S0752	????? 65 X 200  X 2 ??		C-002	U-018	0	0		 No Tax	 exclusive	SC-2-020													no_image.png	standard
S0753	????? 65 X 200  X 2.5 ??		C-002	U-018	0	0		 No Tax	 exclusive	SC-2-020													no_image.png	standard
S0754	????? 65 X 200  X 3 ??		C-002	U-018	0	0		 No Tax	 exclusive	SC-2-020													no_image.png	standard
S0755	????? 65 X 200  X 3.5 ??		C-002	U-018	0	0		 No Tax	 exclusive	SC-2-020													no_image.png	standard
S0756	????? 65 X 200  X 4 ??		C-002	U-018	0	0		 No Tax	 exclusive	SC-2-020													no_image.png	standard
S0761	????? 75 X 200  X 1.8 ??		C-002	U-018	0	0		 No Tax	 exclusive	SC-2-020													no_image.png	standard
S0762	????? 75 X 200  X 2 ??		C-002	U-018	0	0		 No Tax	 exclusive	SC-2-020													no_image.png	standard
S0763	????? 75 X 200  X 2.5 ??		C-002	U-018	0	0		 No Tax	 exclusive	SC-2-020													no_image.png	standard
S0764	????? 75 X 200  X 3 ??		C-002	U-018	0	0		 No Tax	 exclusive	SC-2-020													no_image.png	standard
S0765	????? 75 X 200  X 3.5 ??		C-002	U-018	0	0		 No Tax	 exclusive	SC-2-020													no_image.png	standard
S0766	????? 75 X 200  X 4 ??		C-002	U-018	0	0		 No Tax	 exclusive	SC-2-020													no_image.png	standard
S0767	????? 75 X 200  X 5 ??		C-002	U-018	0	0		 No Tax	 exclusive	SC-2-020													no_image.png	standard
S0771	????? 40 X 75  X 1.5 ?? (?)		C-002	U-018	0	0		 No Tax	 exclusive	SC-2-021													no_image.png	standard
S0772	????? 40 X 75  X 1.8 ?? (?)		C-002	U-018	0	0		 No Tax	 exclusive	SC-2-021													no_image.png	standard
S0773	????? 40 X 75  X 2 ?? (?)		C-002	U-018	0	0		 No Tax	 exclusive	SC-2-021													no_image.png	standard
S0774	????? 40 X 75  X 2.5 ?? (?)		C-002	U-018	0	0		 No Tax	 exclusive	SC-2-021													no_image.png	standard
S0781	????? 45 X 100  X 1.8 ?? (?)		C-002	U-018	0	0		 No Tax	 exclusive	SC-2-021													no_image.png	standard
S0782	????? 45 X 100  X 2 ?? (?)		C-002	U-018	0	0		 No Tax	 exclusive	SC-2-021													no_image.png	standard
S0783	????? 45 X 100  X 2.5 ?? (?)		C-002	U-018	0	0		 No Tax	 exclusive	SC-2-021													no_image.png	standard
S0784	????? 45 X 100  X 3 ?? (?)		C-002	U-018	0	0		 No Tax	 exclusive	SC-2-021													no_image.png	standard
S0791	????? 50 X 150  X 1.5 ?? (?)		C-002	U-018	0	0		 No Tax	 exclusive	SC-2-021													no_image.png	standard
S0792	????? 50 X 150  X 1.8 ?? (?)		C-002	U-018	0	0		 No Tax	 exclusive	SC-2-021													no_image.png	standard
S0793	????? 50 X 150  X 2 ?? (?)		C-002	U-018	0	0		 No Tax	 exclusive	SC-2-021													no_image.png	standard
S0794	????? 50 X 150  X 2.5 ?? (?)		C-002	U-018	0	0		 No Tax	 exclusive	SC-2-021													no_image.png	standard
S0795	????? 50 X 150  X 3 ?? (?)		C-002	U-018	0	0		 No Tax	 exclusive	SC-2-021													no_image.png	standard
S0801	????? 65 X 200  X 2 ?? (?)		C-002	U-018	0	0		 No Tax	 exclusive	SC-2-021													no_image.png	standard
S0802	????? 65 X 200  X 2.5 ?? (?)		C-002	U-018	0	0		 No Tax	 exclusive	SC-2-021													no_image.png	standard
S0803	????? 65 X 200  X 3 ?? (?)		C-002	U-018	0	0		 No Tax	 exclusive	SC-2-021													no_image.png	standard
S0804	????? 65 X 200  X 3.5 ?? (?)		C-002	U-018	0	0		 No Tax	 exclusive	SC-2-021													no_image.png	standard
S0805	????? 65 X 200  X 4 ?? (?)		C-002	U-018	0	0		 No Tax	 exclusive	SC-2-021													no_image.png	standard
S0811	????? 75 X 200  X 1.8 ?? (?)		C-002	U-018	0	0		 No Tax	 exclusive	SC-2-021													no_image.png	standard
S0812	????? 75 X 200  X 2 ?? (?)		C-002	U-018	0	0		 No Tax	 exclusive	SC-2-021													no_image.png	standard
S0813	????? 75 X 200  X 2.5 ?? (?)		C-002	U-018	0	0		 No Tax	 exclusive	SC-2-021													no_image.png	standard
S0814	????? 75 X 200  X 3 ?? (?)		C-002	U-018	0	0		 No Tax	 exclusive	SC-2-021													no_image.png	standard
S0815	????? 75 X 200  X 3.5 ?? (?)		C-002	U-018	0	0		 No Tax	 exclusive	SC-2-021													no_image.png	standard
S0816	????? 75 X 200  X 4 ?? (?)		C-002	U-018	0	0		 No Tax	 exclusive	SC-2-021													no_image.png	standard
S0821	??????? 100 X 100 x 4?? X 12?		C-002	U-018	0	0		 No Tax	 exclusive	SC-2-022													no_image.png	standard
S0822	??????? 100 X 100 x 5?? X 12?		C-002	U-018	0	0		 No Tax	 exclusive	SC-2-022													no_image.png	standard
S0823	??????? 100 X 100 x 6?? X 12?		C-002	U-018	0	0		 No Tax	 exclusive	SC-2-022													no_image.png	standard
S0824	??????? 100 X 100 x 8?? X 12?		C-002	U-018	0	0		 No Tax	 exclusive	SC-2-022													no_image.png	standard
S0831	??????? 125 X 125 x 5?? X 12?		C-002	U-018	0	0		 No Tax	 exclusive	SC-2-022													no_image.png	standard
S0832	??????? 125 X 125 x 6?? X 12?		C-002	U-018	0	0		 No Tax	 exclusive	SC-2-022													no_image.png	standard
S0833	??????? 125 X 125 x 7?? X 12?		C-002	U-018	0	0		 No Tax	 exclusive	SC-2-022													no_image.png	standard
S0834	??????? 125 X 125 x 8?? X 12?		C-002	U-018	0	0		 No Tax	 exclusive	SC-2-022													no_image.png	standard
S0841	??????? 150 X 150 x 6?? X 12?		C-002	U-018	0	0		 No Tax	 exclusive	SC-2-022													no_image.png	standard
S0842	??????? 150 X 150 x 7?? X 12?		C-002	U-018	0	0		 No Tax	 exclusive	SC-2-022													no_image.png	standard
S0843	??????? 150 X 150 x 8?? X 12?		C-002	U-018	0	0		 No Tax	 exclusive	SC-2-022													no_image.png	standard
S0851	??????? 200 X 200 x 6?? X 12?		C-002	U-018	0	0		 No Tax	 exclusive	SC-2-022													no_image.png	standard
S0852	??????? 200 X 200 x 8?? X 12?		C-002	U-018	0	0		 No Tax	 exclusive	SC-2-022													no_image.png	standard
S0853	??????? 200 X 200 x 10?? X 12?		C-002	U-018	0	0		 No Tax	 exclusive	SC-2-022													no_image.png	standard
S0854	??????? 200 X 200 x 12?? X 12?		C-002	U-018	0	0		 No Tax	 exclusive	SC-2-022													no_image.png	standard
S0861	??????? 250 X 250 x 7?? X 12?		C-002	U-018	0	0		 No Tax	 exclusive	SC-2-022													no_image.png	standard
S0862	??????? 250 X 250 x 8?? X 12?		C-002	U-018	0	0		 No Tax	 exclusive	SC-2-022													no_image.png	standard
S0863	??????? 250 X 250 x 9?? X 12?		C-002	U-018	0	0		 No Tax	 exclusive	SC-2-022													no_image.png	standard
S0864	??????? 250 X 250 x 10?? X 12?		C-002	U-018	0	0		 No Tax	 exclusive	SC-2-022													no_image.png	standard
S0871	??????? 300 X 300 x 8?? X 12?		C-002	U-018	0	0		 No Tax	 exclusive	SC-2-022													no_image.png	standard
S0872	??????? 300 X 300 x 10?? X 12?		C-002	U-018	0	0		 No Tax	 exclusive	SC-2-022													no_image.png	standard
S0873	??????? 300 X 300 x 12?? X 12?		C-002	U-018	0	0		 No Tax	 exclusive	SC-2-022													no_image.png	standard
S0874	??????? 300 X 300 x 14?? X 12?		C-002	U-018	0	0		 No Tax	 exclusive	SC-2-022													no_image.png	standard
S0875	??????? 300 X 300 x 16?? X 12?		C-002	U-018	0	0		 No Tax	 exclusive	SC-2-022													no_image.png	standard
S0876	??????? 300 X 300 x 18?? X 12?		C-002	U-018	0	0		 No Tax	 exclusive	SC-2-022													no_image.png	standard
S0881	??????? 400 X 400 x 10?? X 12?		C-002	U-018	0	0		 No Tax	 exclusive	SC-2-022													no_image.png	standard
S0882	??????? 400 X 400 x 12?? X 12?		C-002	U-018	0	0		 No Tax	 exclusive	SC-2-022													no_image.png	standard
S0883	??????? 400 X 400 x 14?? X 12?		C-002	U-018	0	0		 No Tax	 exclusive	SC-2-022													no_image.png	standard
S0884	??????? 400 X 400 x 16?? X 12?		C-002	U-018	0	0		 No Tax	 exclusive	SC-2-022													no_image.png	standard
S0885	??????? 400 X 400 x 18?? X 12?		C-002	U-018	0	0		 No Tax	 exclusive	SC-2-022													no_image.png	standard
S0891	?????? 50 x 100 x 4? ?? x 12?		C-002	U-018	0	0		 No Tax	 exclusive	SC-2-023													no_image.png	standard
S0892	?????? 50 x 100 x 5? ?? x 12?		C-002	U-018	0	0		 No Tax	 exclusive	SC-2-023													no_image.png	standard
S0893	?????? 50 x 100 x 6 ?? x 12?		C-002	U-018	0	0		 No Tax	 exclusive	SC-2-023													no_image.png	standard
S0901	?????? 75 x 150 x 6? ?? x 12?		C-002	U-018	0	0		 No Tax	 exclusive	SC-2-023													no_image.png	standard
S0902	?????? 75 x 150 x 8? ?? x 12?		C-002	U-018	0	0		 No Tax	 exclusive	SC-2-023													no_image.png	standard
S0903	?????? 75 x 150 x 10 ?? x 12?		C-002	U-018	0	0		 No Tax	 exclusive	SC-2-023													no_image.png	standard
S0904	?????? 75 x 150 x 12 ?? x 12?		C-002	U-018	0	0		 No Tax	 exclusive	SC-2-023													no_image.png	standard
S0911	?????? 125 x 250 x 7 ?? x 12?		C-002	U-018	0	0		 No Tax	 exclusive	SC-2-023													no_image.png	standard
S0912	?????? 125 x 250 x 8 ?? x 12?		C-002	U-018	0	0		 No Tax	 exclusive	SC-2-023													no_image.png	standard
S0913	?????? 125 x 250 x 9 ?? x 12?		C-002	U-018	0	0		 No Tax	 exclusive	SC-2-023													no_image.png	standard
S0914	?????? 125 x 250 x 10 ?? x 12?		C-002	U-018	0	0		 No Tax	 exclusive	SC-2-023													no_image.png	standard
S0915	?????? 125 x 250 x 12 ?? x 12?		C-002	U-018	0	0		 No Tax	 exclusive	SC-2-023													no_image.png	standard
S0921	?????? 150 x 300 x 8 ?? x 12?		C-002	U-018	0	0		 No Tax	 exclusive	SC-2-023													no_image.png	standard
S0922	?????? 150 x 300 x 9 ?? x 12?		C-002	U-018	0	0		 No Tax	 exclusive	SC-2-023													no_image.png	standard
S0923	?????? 150 x 300 x 10 ?? x 12?		C-002	U-018	0	0		 No Tax	 exclusive	SC-2-023													no_image.png	standard
S0924	?????? 150 x 300 x 12 ?? x 12?		C-002	U-018	0	0		 No Tax	 exclusive	SC-2-023													no_image.png	standard
S0925	?????? 150 x 300 x 14 ?? x 12?		C-002	U-018	0	0		 No Tax	 exclusive	SC-2-023													no_image.png	standard
S0926	?????? 150 x 300 x 16 ?? x 12?		C-002	U-018	0	0		 No Tax	 exclusive	SC-2-023													no_image.png	standard
S0931	?????? 175 x 350 x 9 ?? x 12?		C-002	U-018	0	0		 No Tax	 exclusive	SC-2-023													no_image.png	standard
S0932	?????? 175 x 350 x 12 ?? x 12?		C-002	U-018	0	0		 No Tax	 exclusive	SC-2-023													no_image.png	standard
S0933	?????? 175 x 350 x 14 ?? x 12?		C-002	U-018	0	0		 No Tax	 exclusive	SC-2-023													no_image.png	standard
S0934	?????? 175 x 350 x 16 ?? x 12?		C-002	U-018	0	0		 No Tax	 exclusive	SC-2-023													no_image.png	standard
S0935	?????? 175 x 350 x 18 ?? x 12?		C-002	U-018	0	0		 No Tax	 exclusive	SC-2-023													no_image.png	standard
S0941	?????? 200 x 400 x 12 ?? x 12?		C-002	U-018	0	0		 No Tax	 exclusive	SC-2-023													no_image.png	standard
S0942	?????? 200 x 400 x 13 ?? x 12?		C-002	U-018	0	0		 No Tax	 exclusive	SC-2-023													no_image.png	standard
S0943	?????? 200 x 400 x 16 ?? x 12?		C-002	U-018	0	0		 No Tax	 exclusive	SC-2-023													no_image.png	standard
S0944	?????? 200 x 400 x 18 ?? x 12?		C-002	U-018	0	0		 No Tax	 exclusive	SC-2-023													no_image.png	standard
S0945	?????? 200 x 400 x 20 ?? x 12?		C-002	U-018	0	0		 No Tax	 exclusive	SC-2-023													no_image.png	standard
S0951	?????? 200 x 500 x 14 ?? x 12?		C-002	U-018	0	0		 No Tax	 exclusive	SC-2-023													no_image.png	standard
S0952	?????? 200 x 500 x 16 ?? x 12?		C-002	U-018	0	0		 No Tax	 exclusive	SC-2-023													no_image.png	standard
S0953	?????? 200 x 500 x 18 ?? x 12?		C-002	U-018	0	0		 No Tax	 exclusive	SC-2-023													no_image.png	standard
S0954	?????? 200 x 500 x 20 ?? x 12?		C-002	U-018	0	0		 No Tax	 exclusive	SC-2-023													no_image.png	standard
S0961	?????? 250 x 600 x 14 ?? x 12?		C-002	U-018	0	0		 No Tax	 exclusive	SC-2-023													no_image.png	standard
S0962	?????? 250 x 600 x 18 ?? x 12?		C-002	U-018	0	0		 No Tax	 exclusive	SC-2-023													no_image.png	standard
S0963	?????? 250 x 600 x 20 ?? x 12?		C-002	U-018	0	0		 No Tax	 exclusive	SC-2-023													no_image.png	standard
S0964	?????? 250 x 600 x 22 ?? x 12?		C-002	U-018	0	0		 No Tax	 exclusive	SC-2-023													no_image.png	standard
S0971	?????? 300 x 700 x 14 ?? x 12?		C-002	U-018	0	0		 No Tax	 exclusive	SC-2-023													no_image.png	standard
S0972	?????? 300 x 700 x 16 ?? x 12?		C-002	U-018	0	0		 No Tax	 exclusive	SC-2-023													no_image.png	standard
S0973	?????? 300 x 700 x 18 ?? x 12?		C-002	U-018	0	0		 No Tax	 exclusive	SC-2-023													no_image.png	standard
S0974	?????? 300 x 700 x 20 ?? x 12?		C-002	U-018	0	0		 No Tax	 exclusive	SC-2-023													no_image.png	standard
S0975	?????? 300 x 700 x 25 ?? x 12?		C-002	U-018	0	0		 No Tax	 exclusive	SC-2-023													no_image.png	standard
S0976	?????? 300 x 700 x 30 ?? x 12?		C-002	U-018	0	0		 No Tax	 exclusive	SC-2-023													no_image.png	standard
S0981	????????? 1220 x 2440 x 2??		C-002	U-030	0	0		 No Tax	 exclusive	SC-2-024													no_image.png	standard
S0982	????????? 1220 x 2440 x 3??		C-002	U-030	0	0		 No Tax	 exclusive	SC-2-024													no_image.png	standard
S0983	????????? 1220 x 2440 x 4??		C-002	U-030	0	0		 No Tax	 exclusive	SC-2-024													no_image.png	standard
S0991	????????? 1500 x 6000 x 4??		C-002	U-030	0	0		 No Tax	 exclusive	SC-2-024													no_image.png	standard
S0992	????????? 1500 x 6000 x 5??		C-002	U-030	0	0		 No Tax	 exclusive	SC-2-024													no_image.png	standard
S0993	????????? 1500 x 6000 x 8??		C-002	U-030	0	0		 No Tax	 exclusive	SC-2-024													no_image.png	standard
S0994	????????? 1500 x 6000 x 10 ??		C-002	U-030	0	0		 No Tax	 exclusive	SC-2-024													no_image.png	standard
S0995	????????? 1500 x 6000 x 12 ??		C-002	U-030	0	0		 No Tax	 exclusive	SC-2-024													no_image.png	standard
S0996	????????? 1500 x 6000 x 15 ??		C-002	U-030	0	0		 No Tax	 exclusive	SC-2-024													no_image.png	standard
S0997	????????? 1500 x 6000 x 20 ??		C-002	U-030	0	0		 No Tax	 exclusive	SC-2-024													no_image.png	standard
S1001	????????? 2000 x 6000 x 10 ??		C-002	U-030	0	0		 No Tax	 exclusive	SC-2-024													no_image.png	standard
S1002	????????? 2000 x 6000  x 15 ??		C-002	U-030	0	0		 No Tax	 exclusive	SC-2-024													no_image.png	standard
S1003	????????? 2000 x 6000  x 18 ??		C-002	U-030	0	0		 No Tax	 exclusive	SC-2-024													no_image.png	standard
S1004	????????? 2000 x 6000 x 20 ??		C-002	U-030	0	0		 No Tax	 exclusive	SC-2-024													no_image.png	standard
S1005	????????? 2000 x 6000 x  25 ??		C-002	U-030	0	0		 No Tax	 exclusive	SC-2-024													no_image.png	standard
S1006	????????? 2000 x 6000  x 30 ??		C-002	U-030	0	0		 No Tax	 exclusive	SC-2-024													no_image.png	standard
S1011	????????????? 1220 x 2440 x 2??		C-002	U-030	0	0		 No Tax	 exclusive	SC-2-025													no_image.png	standard
S1012	????????????? 1220 x 2440 x 3??		C-002	U-030	0	0		 No Tax	 exclusive	SC-2-025													no_image.png	standard
S1013	????????????? 1220 x 2440 x 4??		C-002	U-030	0	0		 No Tax	 exclusive	SC-2-025													no_image.png	standard
S1021	????????????? 1500 x 6000 x 4??		C-002	U-030	0	0		 No Tax	 exclusive	SC-2-025													no_image.png	standard
S1022	????????????? 1500 x 6000 x 5??		C-002	U-030	0	0		 No Tax	 exclusive	SC-2-025													no_image.png	standard
S1023	????????????? 1500 x 6000 x 8??		C-002	U-030	0	0		 No Tax	 exclusive	SC-2-025													no_image.png	standard
S1024	????????????? 1500 x 6000 x 10 ??		C-002	U-030	0	0		 No Tax	 exclusive	SC-2-025													no_image.png	standard
S1025	????????????? 1500 x 6000 x 12 ??		C-002	U-030	0	0		 No Tax	 exclusive	SC-2-025													no_image.png	standard
S1026	????????????? 1500 x 6000 x 15 ??		C-002	U-030	0	0		 No Tax	 exclusive	SC-2-025													no_image.png	standard
S1027	????????????? 1500 x 6000 x 18 ??		C-002	U-030	0	0		 No Tax	 exclusive	SC-2-025													no_image.png	standard
S1028	????????????? 1500 x 6000 x 20 ??		C-002	U-030	0	0		 No Tax	 exclusive	SC-2-025													no_image.png	standard
S1031	????????????? 2000 x 6000 x 10 ??		C-002	U-030	0	0		 No Tax	 exclusive	SC-2-025													no_image.png	standard
S1032	????????????? 2000 x 6000 x 12 ??		C-002	U-030	0	0		 No Tax	 exclusive	SC-2-025													no_image.png	standard
S1033	????????????? 2000 x 6000 x 15 ??		C-002	U-030	0	0		 No Tax	 exclusive	SC-2-025													no_image.png	standard
S1034	????????????? 2000 x 6000 x 18 ??		C-002	U-030	0	0		 No Tax	 exclusive	SC-2-025													no_image.png	standard
S1035	????????????? 2000 x 6000 x 20 ??		C-002	U-030	0	0		 No Tax	 exclusive	SC-2-025													no_image.png	standard
S1036	????????????? 2000 x 6000 x 25 ??		C-002	U-030	0	0		 No Tax	 exclusive	SC-2-025													no_image.png	standard
S1041	?????????? 1.2??? x 2.5????		C-002	U-027	0	0		 No Tax	 exclusive	SC-2-026													no_image.png	standard
S1042	?????????? 1.2?? x 3????		C-002	U-027	0	0		 No Tax	 exclusive	SC-2-026													no_image.png	standard
S1043	?????????? 1.2?? x 3?.5???		C-002	U-027	0	0		 No Tax	 exclusive	SC-2-026													no_image.png	standard
S1044	?????????? 1.2?? x 4???		C-002	U-027	0	0		 No Tax	 exclusive	SC-2-026													no_image.png	standard
S1045	?????????? 1.2?? x 5???		C-002	U-027	0	0		 No Tax	 exclusive	SC-2-026													no_image.png	standard
S1046	?????????? 1.2?? x 6???		C-002	U-027	0	0		 No Tax	 exclusive	SC-2-026													no_image.png	standard
S1047	?????????? 1.2?? x 8????		C-002	U-027	0	0		 No Tax	 exclusive	SC-2-026													no_image.png	standard
S1048	?????????? 1.2?? x 1 ??		C-002	U-027	0	0		 No Tax	 exclusive	SC-2-026													no_image.png	standard
S1051	??????? ???? 1?? x 2.5 ???		C-002	U-027	0	0		 No Tax	 exclusive	SC-2-026													no_image.png	standard
S1052	??????? ???? 1?? x 3 ???		C-002	U-027	0	0		 No Tax	 exclusive	SC-2-026													no_image.png	standard
S1053	??????? ???? 1?? x 3.5 ???		C-002	U-027	0	0		 No Tax	 exclusive	SC-2-026													no_image.png	standard
S1054	??????? ???? 1?? x 4 ???		C-002	U-027	0	0		 No Tax	 exclusive	SC-2-026													no_image.png	standard
S1055	??????? ???? 1?? x 4.5 ???		C-002	U-027	0	0		 No Tax	 exclusive	SC-2-026													no_image.png	standard
S1056	??????? ???? 1?? x 5 ???		C-002	U-027	0	0		 No Tax	 exclusive	SC-2-026													no_image.png	standard
S1061	??????? ???? ?????? 1?? x 2.5 ???		C-002	U-027	0	0		 No Tax	 exclusive	SC-2-026													no_image.png	standard
S1062	??????? ???? ?????? 1?? x 3 ???		C-002	U-027	0	0		 No Tax	 exclusive	SC-2-026													no_image.png	standard
S1063	??????? ???? ?????? 1?? x 3.5 ???		C-002	U-027	0	0		 No Tax	 exclusive	SC-2-026													no_image.png	standard
S1064	??????? ???? ?????? 1?? x 4 ???		C-002	U-027	0	0		 No Tax	 exclusive	SC-2-026													no_image.png	standard
S1065	??????? ???? ?????? 1?? x 4.5 ???		C-002	U-027	0	0		 No Tax	 exclusive	SC-2-026													no_image.png	standard
S1066	??????? ???? ?????? 1?? x 5 ???		C-002	U-027	0	0		 No Tax	 exclusive	SC-2-026													no_image.png	standard
S1071	??????? ????? 4 ???		C-002	U-027	0	0		 No Tax	 exclusive	SC-2-026													no_image.png	standard
S1072	??????? ????? 5 ???		C-002	U-027	0	0		 No Tax	 exclusive	SC-2-026													no_image.png	standard
S2000	??????? ????? 		C-002	U-009	0	0		 No Tax	 exclusive	SC-2-027													no_image.png	standard
S2001	???????????? ???		C-002	U-016	0	0		 No Tax	 exclusive	SC-2-027													no_image.png	standard
S2002	??????????? 39		C-002	U-008	0	0		 No Tax	 exclusive	SC-2-028													no_image.png	standard
S2003	?????????? 52		C-002	U-008	0	0		 No Tax	 exclusive	SC-2-028													no_image.png	standard
S2004	???? ?????? 39		C-002	U-011	0	0		 No Tax	 exclusive	SC-2-029													no_image.png	standard
S2005	???? ?????? 52		C-002	U-011	0	0		 No Tax	 exclusive	SC-2-029													no_image.png	standard
S2006	????? ??????? 2		C-002	U-011	0	0		 No Tax	 exclusive	SC-2-030													no_image.png	standard
S2007	????? ??????? 3		C-002	U-011	0	0		 No Tax	 exclusive	SC-2-030													no_image.png	standard
S2008	????? ??????? 4		C-002	U-011	0	0		 No Tax	 exclusive	SC-2-030													no_image.png	standard
S2009	????? ??????? 5		C-002	U-011	0	0		 No Tax	 exclusive	SC-2-030													no_image.png	standard
S2010	???? ????? ??????? 2		C-002	U-011	0	0		 No Tax	 exclusive	SC-2-031													no_image.png	standard
S2011	???? ????? ??????? 3		C-002	U-011	0	0		 No Tax	 exclusive	SC-2-031													no_image.png	standard
S2012	???? ????? ??????? 4		C-002	U-011	0	0		 No Tax	 exclusive	SC-2-031													no_image.png	standard
S2013	???? ????? ??????? 5		C-002	U-011	0	0		 No Tax	 exclusive	SC-2-031													no_image.png	standard
S2014	????? ????? ??????? 2		C-002	U-011	0	0		 No Tax	 exclusive	SC-2-032													no_image.png	standard
S2015	????? ????? ??????? 3		C-002	U-011	0	0		 No Tax	 exclusive	SC-2-032													no_image.png	standard
S2016	????? ????? ??????? 4		C-002	U-011	0	0		 No Tax	 exclusive	SC-2-032													no_image.png	standard
S2017	????? ????? ??????? 5		C-002	U-011	0	0		 No Tax	 exclusive	SC-2-032													no_image.png	standard
S2018	???????????????		C-002	U-010	0	0		 No Tax	 exclusive	SC-2-033													no_image.png	standard
S2019	??????? 3		C-002	U-016	0	0		 No Tax	 exclusive	SC-2-034													no_image.png	standard
S2020	??????? 4		C-002	U-016	0	0		 No Tax	 exclusive	SC-2-034													no_image.png	standard
S2021	??????? 5		C-002	U-016	0	0		 No Tax	 exclusive	SC-2-034													no_image.png	standard
S2022	????? ???		C-002	U-003	0	0		 No Tax	 exclusive	SC-2-035													no_image.png	standard
S2023	?????????? ??? 1		C-002	U-011	0	0		 No Tax	 exclusive	SC-2-036													no_image.png	standard
S2024	?????????? ??? 2		C-002	U-011	0	0		 No Tax	 exclusive	SC-2-036													no_image.png	standard
S2025	?????????? ??? 3		C-002	U-011	0	0		 No Tax	 exclusive	SC-2-036													no_image.png	standard
S2026	?????????? ??? 4		C-002	U-011	0	0		 No Tax	 exclusive	SC-2-036													no_image.png	standard
S2027	?????????? ??? 5		C-002	U-011	0	0		 No Tax	 exclusive	SC-2-036													no_image.png	standard
S2028	?????????? ??? 6		C-002	U-011	0	0		 No Tax	 exclusive	SC-2-036													no_image.png	standard
S2029	?????????? ??? 7		C-002	U-011	0	0		 No Tax	 exclusive	SC-2-036													no_image.png	standard
S2030	?????????? ??? 8		C-002	U-011	0	0		 No Tax	 exclusive	SC-2-036													no_image.png	standard
S2031	?????????? ??? 9		C-002	U-011	0	0		 No Tax	 exclusive	SC-2-036													no_image.png	standard
S2032	?????????? ??? 10		C-002	U-011	0	0		 No Tax	 exclusive	SC-2-036													no_image.png	standard
S2033	?????????? ??? 11		C-002	U-011	0	0		 No Tax	 exclusive	SC-2-036													no_image.png	standard
S2034	?????????? ??? 12		C-002	U-011	0	0		 No Tax	 exclusive	SC-2-036													no_image.png	standard
S2035	?????????? ??? 13		C-002	U-011	0	0		 No Tax	 exclusive	SC-2-036													no_image.png	standard
S2036	?????????? ??? 14		C-002	U-011	0	0		 No Tax	 exclusive	SC-2-036													no_image.png	standard
S2037	?????????? ??? 15		C-002	U-011	0	0		 No Tax	 exclusive	SC-2-036													no_image.png	standard
S2038	?????????? ??? 16		C-002	U-011	0	0		 No Tax	 exclusive	SC-2-036													no_image.png	standard
S2039	?????????? ??? 17		C-002	U-011	0	0		 No Tax	 exclusive	SC-2-036													no_image.png	standard
S2040	?????????? ??? 18		C-002	U-011	0	0		 No Tax	 exclusive	SC-2-036													no_image.png	standard
S2041	?????????? ??? 19		C-002	U-011	0	0		 No Tax	 exclusive	SC-2-036													no_image.png	standard
S2042	?????????? ??? 20		C-002	U-011	0	0		 No Tax	 exclusive	SC-2-036													no_image.png	standard
S2043	?????????? ??? 21		C-002	U-011	0	0		 No Tax	 exclusive	SC-2-036													no_image.png	standard
S2044	?????????? ??? 22		C-002	U-011	0	0		 No Tax	 exclusive	SC-2-036													no_image.png	standard
S2045	?????????? ??? 23		C-002	U-011	0	0		 No Tax	 exclusive	SC-2-036													no_image.png	standard
S2046	?????????? ??? 24		C-002	U-011	0	0		 No Tax	 exclusive	SC-2-036													no_image.png	standard
S2047	?????????? ??? 25		C-002	U-011	0	0		 No Tax	 exclusive	SC-2-036													no_image.png	standard
S2048	?????????? ??? 26		C-002	U-011	0	0		 No Tax	 exclusive	SC-2-036													no_image.png	standard
S2049	?????????? ??? 27		C-002	U-011	0	0		 No Tax	 exclusive	SC-2-036													no_image.png	standard
S2050	?????????? ??? 28		C-002	U-011	0	0		 No Tax	 exclusive	SC-2-036													no_image.png	standard
S2051	?????????? ??? 29		C-002	U-011	0	0		 No Tax	 exclusive	SC-2-036													no_image.png	standard
S2052	?????????? ??? 30		C-002	U-011	0	0		 No Tax	 exclusive	SC-2-036													no_image.png	standard
S2053	?????????? ??? 31		C-002	U-011	0	0		 No Tax	 exclusive	SC-2-036													no_image.png	standard
S2054	?????????? ??? 32		C-002	U-011	0	0		 No Tax	 exclusive	SC-2-036													no_image.png	standard
S2055	?????????? ??? 33		C-002	U-011	0	0		 No Tax	 exclusive	SC-2-036													no_image.png	standard
S2056	?????????? ??? 34		C-002	U-011	0	0		 No Tax	 exclusive	SC-2-036													no_image.png	standard
S2057	?????????? ??? 35		C-002	U-011	0	0		 No Tax	 exclusive	SC-2-036													no_image.png	standard
S2058	?????????? ??? 36		C-002	U-011	0	0		 No Tax	 exclusive	SC-2-036													no_image.png	standard
S2059	?????????? ??? 37		C-002	U-011	0	0		 No Tax	 exclusive	SC-2-036													no_image.png	standard
S2060	?????????? ??? 38		C-002	U-011	0	0		 No Tax	 exclusive	SC-2-036													no_image.png	standard
S2061	?????????? ??? 39		C-002	U-011	0	0		 No Tax	 exclusive	SC-2-036													no_image.png	standard
S2062	?????????? ??? 40		C-002	U-011	0	0		 No Tax	 exclusive	SC-2-036													no_image.png	standard
S2063	?????????? ??? 41		C-002	U-011	0	0		 No Tax	 exclusive	SC-2-036													no_image.png	standard
S2064	?????????? ??? 42		C-002	U-011	0	0		 No Tax	 exclusive	SC-2-036													no_image.png	standard
S2065	?????????? ??? 43		C-002	U-011	0	0		 No Tax	 exclusive	SC-2-036													no_image.png	standard
S2066	?????????? ??? 44		C-002	U-011	0	0		 No Tax	 exclusive	SC-2-036													no_image.png	standard
S2067	?????????? ??? 45		C-002	U-011	0	0		 No Tax	 exclusive	SC-2-036													no_image.png	standard
S2068	?????????? ??? 46		C-002	U-011	0	0		 No Tax	 exclusive	SC-2-036													no_image.png	standard
S2069	?????????? ??? 47		C-002	U-011	0	0		 No Tax	 exclusive	SC-2-036													no_image.png	standard
S2070	?????????? ??? 48		C-002	U-011	0	0		 No Tax	 exclusive	SC-2-036													no_image.png	standard
S2071	?????????? ??? 49		C-002	U-011	0	0		 No Tax	 exclusive	SC-2-036													no_image.png	standard
S2072	?????????? ??? 50		C-002	U-011	0	0		 No Tax	 exclusive	SC-2-036													no_image.png	standard
S2073	?????????? ??? 51		C-002	U-011	0	0		 No Tax	 exclusive	SC-2-036													no_image.png	standard
S2074	?????????? ??? 52		C-002	U-011	0	0		 No Tax	 exclusive	SC-2-036													no_image.png	standard
S2075	?????????? ??? 53		C-002	U-011	0	0		 No Tax	 exclusive	SC-2-036													no_image.png	standard
S2076	?????????? ??? 54		C-002	U-011	0	0		 No Tax	 exclusive	SC-2-036													no_image.png	standard
S2077	?????????? ??? 55		C-002	U-011	0	0		 No Tax	 exclusive	SC-2-036													no_image.png	standard
S2078	?????????? ??? 56		C-002	U-011	0	0		 No Tax	 exclusive	SC-2-036													no_image.png	standard
S2079	?????????? ??? 57		C-002	U-011	0	0		 No Tax	 exclusive	SC-2-036													no_image.png	standard
S2080	?????????? ??? 58		C-002	U-011	0	0		 No Tax	 exclusive	SC-2-036													no_image.png	standard
S2081	?????????? ??? 59		C-002	U-011	0	0		 No Tax	 exclusive	SC-2-036													no_image.png	standard
S2082	?????????? ??? 60		C-002	U-011	0	0		 No Tax	 exclusive	SC-2-036													no_image.png	standard
S2083	?????????? ??? 61		C-002	U-011	0	0		 No Tax	 exclusive	SC-2-036													no_image.png	standard
S2084	?????????? ??? 62		C-002	U-011	0	0		 No Tax	 exclusive	SC-2-036													no_image.png	standard
S2085	?????????? ??? 63		C-002	U-011	0	0		 No Tax	 exclusive	SC-2-036													no_image.png	standard
S2086	?????????? ??? 64		C-002	U-011	0	0		 No Tax	 exclusive	SC-2-036													no_image.png	standard
S2087	?????????? ??? 65		C-002	U-011	0	0		 No Tax	 exclusive	SC-2-036													no_image.png	standard
M0001	????????????? 1 ???		C-003	U-012	0	0		 No Tax	 exclusive	SC-3-001													no_image.png	standard
M0002	????????????? 1.2 ???		C-003	U-012	0	0		 No Tax	 exclusive	SC-3-001													no_image.png	standard
M0003	????????????? 1.5 ???		C-003	U-012	0	0		 No Tax	 exclusive	SC-3-001													no_image.png	standard
M0004	????????????? 1.8 ???		C-003	U-012	0	0		 No Tax	 exclusive	SC-3-001													no_image.png	standard
M0005	?????????? 2 ???		C-003	U-012	0	0		 No Tax	 exclusive	SC-3-001													no_image.png	standard
M0006	???????????????? 3.5 ???		C-003	U-012	0	0		 No Tax	 exclusive	SC-3-001													no_image.png	standard
M0007	???????????????? 3HP ???????????		C-003	U-012	0	0		 No Tax	 exclusive	SC-3-001													no_image.png	standard
M0021	???????????? 1.8 ???		C-003	U-012	0	0		 No Tax	 exclusive	SC-3-002													no_image.png	standard
M0022	?????????????		C-003	U-012	0	0		 No Tax	 exclusive	SC-3-002													no_image.png	standard
M0031	???????????????		C-003	U-012	0	0		 No Tax	 exclusive	SC-3-003													no_image.png	standard
M0041	?????????????? 10 ??		C-003	U-012	0	0		 No Tax	 exclusive	SC-3-004													no_image.png	standard
M0042	?????????????? 13 ??		C-003	U-012	0	0		 No Tax	 exclusive	SC-3-004													no_image.png	standard
M0043	?????????????? 15 ??		C-003	U-012	0	0		 No Tax	 exclusive	SC-3-004													no_image.png	standard
M0044	?????????????? 18 ??		C-003	U-012	0	0		 No Tax	 exclusive	SC-3-004													no_image.png	standard
M0045	?????????????? 22 ??		C-003	U-012	0	0		 No Tax	 exclusive	SC-3-004													no_image.png	standard
M0046	?????????????? 25 ??		C-003	U-012	0	0		 No Tax	 exclusive	SC-3-004													no_image.png	standard
M0047	??????????????2??? 		C-003	U-012	0	0		 No Tax	 exclusive	SC-3-004													no_image.png	standard
M0048	??????????????3??? 		C-003	U-012	0	0		 No Tax	 exclusive	SC-3-004													no_image.png	standard
M0049	?????? ????????		C-003	U-012	0	0		 No Tax	 exclusive	SC-3-004													no_image.png	standard
M0061	???????????????? 3 ??? 		C-003	U-012	0	0		 No Tax	 exclusive	SC-3-005													no_image.png	standard
M0071	?????????????? 6 ?? - 10 ??		C-003	U-012	0	0		 No Tax	 exclusive	SC-3-006													no_image.png	standard
M0072	???????????? 10 ?? - 32 ??		C-003	U-012	0	0		 No Tax	 exclusive	SC-3-006													no_image.png	standard
M0073	???????????????? 10 ?? - 32 ??		C-003	U-012	0	0		 No Tax	 exclusive	SC-3-006													no_image.png	standard
M0081	????????????????????????		C-003	U-012	0	0		 No Tax	 exclusive	SC-3-007													no_image.png	standard
M0082	?????????????????		C-003	U-012	0	0		 No Tax	 exclusive	SC-3-007													no_image.png	standard
M0091	???????????? 1 ???		C-003	U-012	0	0		 No Tax	 exclusive	SC-3-008													no_image.png	standard
M0092	???????????? 1.5 ???		C-003	U-012	0	0		 No Tax	 exclusive	SC-3-008													no_image.png	standard
M0093	???????????? 2 ???		C-003	U-012	0	0		 No Tax	 exclusive	SC-3-008													no_image.png	standard
M0094	???????????? 3 ???		C-003	U-012	0	0		 No Tax	 exclusive	SC-3-008													no_image.png	standard
M0095	???????????? 5 ???		C-003	U-012	0	0		 No Tax	 exclusive	SC-3-008													no_image.png	standard
M0101	?????????????????? 1 ???		C-003	U-012	0	0		 No Tax	 exclusive	SC-3-008													no_image.png	standard
M0102	?????????????????? 1.5 ???		C-003	U-012	0	0		 No Tax	 exclusive	SC-3-008													no_image.png	standard
M0103	?????????????????? 2 ???		C-003	U-012	0	0		 No Tax	 exclusive	SC-3-008													no_image.png	standard
M0104	?????????????????? 2.5 ???		C-003	U-012	0	0		 No Tax	 exclusive	SC-3-008													no_image.png	standard
M0105	?????????????????? 3 ???		C-003	U-012	0	0		 No Tax	 exclusive	SC-3-008													no_image.png	standard
M0106	?????????????????? 5 ???		C-003	U-012	0	0		 No Tax	 exclusive	SC-3-008													no_image.png	standard
M0116	?????????????		C-003	U-012	0	0		 No Tax	 exclusive	SC-3-008													no_image.png	standard
M0117	?????????????????		C-003	U-012	0	0		 No Tax	 exclusive	SC-3-008													no_image.png	standard
M0118	???????????????????		C-003	U-012	0	0		 No Tax	 exclusive	SC-3-008													no_image.png	standard
M0121	??????????????????		C-003	U-012	0	0		 No Tax	 exclusive	SC-3-008													no_image.png	standard
M0122	?????????????????		C-003	U-012	0	0		 No Tax	 exclusive	SC-3-008													no_image.png	standard
M0123	?????????????????		C-003	U-012	0	0		 No Tax	 exclusive	SC-3-008													no_image.png	standard
M0124	???????????????		C-003	U-012	0	0		 No Tax	 exclusive	SC-3-008													no_image.png	standard
M0141	???????????? 180 A		C-003	U-012	0	0		 No Tax	 exclusive	SC-3-009													no_image.png	standard
M0142	???????????? 200 A		C-003	U-012	0	0		 No Tax	 exclusive	SC-3-009													no_image.png	standard
M0143	???????????? 250 A		C-003	U-012	0	0		 No Tax	 exclusive	SC-3-009													no_image.png	standard
M0144	???????????? 280 A		C-003	U-012	0	0		 No Tax	 exclusive	SC-3-009													no_image.png	standard
M0145	???????????? 300 A		C-003	U-012	0	0		 No Tax	 exclusive	SC-3-009													no_image.png	standard
M0146	???????????? 350 A		C-003	U-012	0	0		 No Tax	 exclusive	SC-3-009													no_image.png	standard
M0147	???????????? 400 A		C-003	U-012	0	0		 No Tax	 exclusive	SC-3-009													no_image.png	standard
M0148	???????????? 500 A		C-003	U-012	0	0		 No Tax	 exclusive	SC-3-009													no_image.png	standard
M0149	??????????????????		C-003	U-012	0	0		 No Tax	 exclusive	SC-3-009													no_image.png	standard
M0150	?????? ????? (Level Laser)		C-003	U-012	0	0		 No Tax	 exclusive	SC-3-009													no_image.png	standard
M0151	?????? ????????? 4? (Level Laser)		C-003	U-012	0	0		 No Tax	 exclusive	SC-3-009													no_image.png	standard
M0152	?????? ????????? 5? (Level Laser)		C-003	U-012	0	0		 No Tax	 exclusive	SC-3-009													no_image.png	standard
M0161	???????????????????????		C-003	U-012	0	0		 No Tax	 exclusive	SC-3-010													no_image.png	standard
M0162	??????????????????????		C-003	U-012	0	0		 No Tax	 exclusive	SC-3-010													no_image.png	standard
M0171	??????????????????? 		C-003	U-012	0	0		 No Tax	 exclusive	SC-3-011													no_image.png	standard
M0181	???????????????????????? ?1.5 ???		C-003	U-012	0	0		 No Tax	 exclusive	SC-3-012													no_image.png	standard
M0182	???????????????????????? ?3.5 ???		C-003	U-012	0	0		 No Tax	 exclusive	SC-3-012													no_image.png	standard
M0183	???????????????????????? ?5 ???		C-003	U-012	0	0		 No Tax	 exclusive	SC-3-012													no_image.png	standard
M0191	????????????????? ?????		C-003	U-012	0	0		 No Tax	 exclusive	SC-3-013													no_image.png	standard
M0201	????????????????? ?????		C-003	U-012	0	0		 No Tax	 exclusive	SC-3-014													no_image.png	standard
M0211	??????????????? 1.5 ???		C-003	U-012	0	0		 No Tax	 exclusive	SC-3-015													no_image.png	standard
M0221	???????????????? 3 ???		C-003	U-012	0	0		 No Tax	 exclusive	SC-3-016													no_image.png	standard
M0231	????????????? 3.5 ???		C-003	U-012	0	0		 No Tax	 exclusive	SC-3-017													no_image.png	standard
M0232	????????????? 5 ???		C-003	U-012	0	0		 No Tax	 exclusive	SC-3-017													no_image.png	standard
M0233	????????????? 8 ???		C-003	U-012	0	0		 No Tax	 exclusive	SC-3-017													no_image.png	standard
M0234	????????????? 15 ???		C-003	U-012	0	0		 No Tax	 exclusive	SC-3-017													no_image.png	standard
M0235	????????????? 18 ???		C-003	U-012	0	0		 No Tax	 exclusive	SC-3-017													no_image.png	standard
M0236	????????????? 25 ???		C-003	U-012	0	0		 No Tax	 exclusive	SC-3-017													no_image.png	standard
M0251	???????????? ?? 150 KWA		C-003	U-012	0	0		 No Tax	 exclusive	SC-3-018													no_image.png	standard
M0252	???????????? ?? 250 KWA		C-003	U-012	0	0		 No Tax	 exclusive	SC-3-018													no_image.png	standard
M0253	???????????? ?? 350 KWA		C-003	U-012	0	0		 No Tax	 exclusive	SC-3-018													no_image.png	standard
M0254	???????????? ?? 600 KWA		C-003	U-012	0	0		 No Tax	 exclusive	SC-3-018													no_image.png	standard
